timestamp, clocks.current.video [MHz], clocks.current.sm [MHz], clocks.current.memory [MHz], utilization.gpu [%], utilization.encoder [%], utilization.decoder [%], temperature.gpu, power.draw [W]
2026/09/05 19:29:34.894, 555 MHz, 210 MHz, 405 MHz, 0 %, 0 %, 0 %, 53, 1.70 W
2026/09/05 19:29:35.906, 555 MHz, 210 MHz, 405 MHz, 0 %, 0 %, 0 %, 53, 1.69 W
2026/09/05 19:29:36.912, 555 MHz, 210 MHz, 405 MHz, 0 %, 0 %, 0 %, 53, 1.68 W
2026/09/05 19:29:37.916, 555 MHz, 210 MHz, 405 MHz, 0 %, 0 %, 0 %, 53, 1.69 W
2026/09/05 19:29:38.918, 555 MHz, 210 MHz, 405 MHz, 0 %, 0 %, 0 %, 53, 1.69 W
2026/09/05 19:29:39.932, 555 MHz, 210 MHz, 405 MHz, 0 %, 0 %, 0 %, 53, 1.70 W
2026/09/05 19:29:40.936, 555 MHz, 210 MHz, 405 MHz, 0 %, 0 %, 0 %, 53, 1.68 W
2026/09/05 19:29:41.949, 555 MHz, 210 MHz, 405 MHz, 0 %, 0 %, 0 %, 53, 1.74 W
2026/09/05 19:29:42.963, 1035 MHz, 1170 MHz, 7001 MHz, 29 %, 1 %, 0 %, 54, 3.34 W
2026/09/05 19:29:44.104, 1080 MHz, 1222 MHz, 5501 MHz, 23 %, 9 %, 0 %, 54, 6.87 W
2026/09/05 19:29:45.108, 1080 MHz, 1207 MHz, 5501 MHz, 34 %, 16 %, 0 %, 55, 8.59 W
2026/09/05 19:29:46.125, 1035 MHz, 1170 MHz, 5501 MHz, 43 %, 19 %, 0 %, 55, 8.43 W
2026/09/05 19:29:47.133, 1035 MHz, 1170 MHz, 5501 MHz, 33 %, 15 %, 0 %, 55, 8.38 W
2026/09/05 19:29:48.146, 1035 MHz, 1170 MHz, 5501 MHz, 40 %, 17 %, 0 %, 55, 8.36 W
2026/09/05 19:29:49.159, 1057 MHz, 1200 MHz, 5501 MHz, 42 %, 20 %, 0 %, 56, 8.47 W
2026/09/05 19:29:50.170, 1057 MHz, 1200 MHz, 5501 MHz, 35 %, 12 %, 0 %, 56, 8.49 W
2026/09/05 19:29:51.184, 1035 MHz, 1170 MHz, 5501 MHz, 39 %, 16 %, 0 %, 56, 8.22 W
2026/09/05 19:29:52.198, 1035 MHz, 1170 MHz, 5501 MHz, 32 %, 12 %, 0 %, 57, 8.37 W
2026/09/05 19:29:53.200, 990 MHz, 1110 MHz, 5501 MHz, 33 %, 13 %, 0 %, 57, 8.35 W
2026/09/05 19:29:54.216, 1005 MHz, 1140 MHz, 5501 MHz, 46 %, 19 %, 0 %, 57, 8.06 W
2026/09/05 19:29:55.231, 1005 MHz, 1155 MHz, 5501 MHz, 40 %, 16 %, 0 %, 58, 8.44 W
2026/09/05 19:29:56.235, 1522 MHz, 1725 MHz, 5501 MHz, 40 %, 9 %, 0 %, 60, 15.98 W
2026/09/05 19:29:57.243, 1530 MHz, 1740 MHz, 5501 MHz, 52 %, 11 %, 0 %, 60, 21.30 W
2026/09/05 19:29:58.256, 1530 MHz, 1740 MHz, 5501 MHz, 46 %, 11 %, 0 %, 61, 23.09 W
2026/09/05 19:29:59.271, 1530 MHz, 1740 MHz, 5501 MHz, 53 %, 13 %, 0 %, 61, 22.04 W
2026/09/05 19:30:00.287, 1530 MHz, 1740 MHz, 5501 MHz, 29 %, 10 %, 0 %, 61, 18.69 W
2026/09/05 19:30:01.314, 1447 MHz, 1635 MHz, 5501 MHz, 42 %, 12 %, 0 %, 61, 16.58 W
2026/09/05 19:30:02.328, 1447 MHz, 1635 MHz, 5501 MHz, 38 %, 11 %, 0 %, 61, 16.96 W
2026/09/05 19:30:03.340, 1207 MHz, 1380 MHz, 5501 MHz, 31 %, 13 %, 0 %, 61, 13.98 W
2026/09/05 19:30:04.353, 1087 MHz, 1237 MHz, 5501 MHz, 29 %, 12 %, 0 %, 61, 10.00 W
2026/09/05 19:30:05.367, 1012 MHz, 1140 MHz, 5501 MHz, 35 %, 15 %, 0 %, 61, 8.65 W
2026/09/05 19:30:06.377, 967 MHz, 1095 MHz, 5501 MHz, 37 %, 16 %, 0 %, 61, 8.62 W
2026/09/05 19:30:07.379, 967 MHz, 1095 MHz, 5501 MHz, 33 %, 14 %, 0 %, 61, 8.47 W
2026/09/05 19:30:08.395, 990 MHz, 1110 MHz, 5501 MHz, 37 %, 16 %, 0 %, 61, 8.34 W
2026/09/05 19:30:09.411, 990 MHz, 1110 MHz, 5501 MHz, 36 %, 17 %, 0 %, 62, 8.45 W
2026/09/05 19:30:10.423, 1485 MHz, 1687 MHz, 5501 MHz, 38 %, 11 %, 0 %, 63, 17.62 W
2026/09/05 19:30:11.436, 1485 MHz, 1687 MHz, 5501 MHz, 27 %, 10 %, 0 %, 63, 17.51 W
2026/09/05 19:30:12.437, 1312 MHz, 1485 MHz, 5501 MHz, 35 %, 10 %, 0 %, 63, 13.51 W
2026/09/05 19:30:13.453, 1365 MHz, 1545 MHz, 5501 MHz, 38 %, 13 %, 0 %, 64, 16.05 W
2026/09/05 19:30:14.466, 1365 MHz, 1545 MHz, 5501 MHz, 29 %, 11 %, 0 %, 63, 13.69 W
2026/09/05 19:30:15.479, 1057 MHz, 1192 MHz, 5501 MHz, 34 %, 15 %, 0 %, 63, 11.73 W
2026/09/05 19:30:16.494, 990 MHz, 1117 MHz, 5501 MHz, 36 %, 17 %, 0 %, 63, 8.68 W
2026/09/05 19:30:17.509, 922 MHz, 1050 MHz, 5501 MHz, 32 %, 16 %, 0 %, 63, 7.69 W
2026/09/05 19:30:18.516, 922 MHz, 1050 MHz, 5501 MHz, 0 %, 0 %, 0 %, 63, 3.24 W
2026/09/05 19:30:19.522, 802 MHz, 345 MHz, 810 MHz, 0 %, 0 %, 0 %, 62, 2.53 W
2026/09/05 19:30:20.538, 802 MHz, 727 MHz, 810 MHz, 60 %, 18 %, 0 %, 63, 4.45 W
2026/09/05 19:30:21.551, 892 MHz, 1005 MHz, 5501 MHz, 33 %, 14 %, 0 %, 63, 6.49 W
2026/09/05 19:30:22.571, 750 MHz, 810 MHz, 5501 MHz, 31 %, 14 %, 0 %, 63, 6.20 W
2026/09/05 19:30:23.583, 802 MHz, 915 MHz, 5501 MHz, 35 %, 16 %, 0 %, 63, 5.84 W
2026/09/05 19:30:24.585, 802 MHz, 915 MHz, 5501 MHz, 29 %, 15 %, 0 %, 62, 6.31 W
2026/09/05 19:30:25.599, 750 MHz, 757 MHz, 5501 MHz, 33 %, 15 %, 0 %, 62, 5.98 W
2026/09/05 19:30:26.625, 802 MHz, 705 MHz, 810 MHz, 46 %, 13 %, 0 %, 62, 5.53 W
2026/09/05 19:30:27.630, 802 MHz, 915 MHz, 5501 MHz, 33 %, 13 %, 0 %, 62, 6.22 W
2026/09/05 19:30:28.631, 750 MHz, 780 MHz, 5501 MHz, 32 %, 14 %, 0 %, 62, 6.20 W
2026/09/05 19:30:29.648, 855 MHz, 975 MHz, 5501 MHz, 40 %, 18 %, 0 %, 62, 5.72 W
2026/09/05 19:30:30.662, 855 MHz, 975 MHz, 5501 MHz, 41 %, 19 %, 0 %, 62, 6.11 W
2026/09/05 19:30:31.671, 750 MHz, 780 MHz, 5501 MHz, 30 %, 10 %, 0 %, 62, 5.65 W
2026/09/05 19:30:32.685, 922 MHz, 1050 MHz, 5501 MHz, 47 %, 13 %, 0 %, 62, 6.76 W
2026/09/05 19:30:33.699, 1035 MHz, 1162 MHz, 7001 MHz, 36 %, 9 %, 0 %, 62, 8.94 W
2026/09/05 19:30:34.700, 1057 MHz, 1200 MHz, 7001 MHz, 30 %, 9 %, 0 %, 62, 10.39 W
2026/09/05 19:30:35.715, 1237 MHz, 1410 MHz, 7001 MHz, 35 %, 10 %, 0 %, 62, 10.35 W
2026/09/05 19:30:36.730, 1365 MHz, 1552 MHz, 7001 MHz, 17 %, 5 %, 0 %, 62, 12.27 W
2026/09/05 19:30:37.738, 1365 MHz, 1552 MHz, 7001 MHz, 14 %, 6 %, 0 %, 62, 10.79 W
2026/09/05 19:30:38.751, 1012 MHz, 1155 MHz, 5501 MHz, 23 %, 8 %, 0 %, 62, 11.06 W
2026/09/05 19:30:39.766, 892 MHz, 1005 MHz, 5501 MHz, 26 %, 12 %, 0 %, 61, 7.06 W
2026/09/05 19:30:40.779, 802 MHz, 870 MHz, 5501 MHz, 37 %, 16 %, 0 %, 61, 5.91 W
2026/09/05 19:30:41.793, 922 MHz, 1042 MHz, 5501 MHz, 36 %, 16 %, 0 %, 61, 5.81 W
2026/09/05 19:30:42.795, 922 MHz, 1042 MHz, 5501 MHz, 28 %, 14 %, 0 %, 61, 6.47 W
2026/09/05 19:30:43.797, 750 MHz, 772 MHz, 5501 MHz, 32 %, 14 %, 0 %, 61, 5.94 W
2026/09/05 19:30:44.809, 802 MHz, 877 MHz, 5501 MHz, 36 %, 16 %, 0 %, 61, 5.63 W
2026/09/05 19:30:45.823, 780 MHz, 877 MHz, 5501 MHz, 29 %, 14 %, 0 %, 61, 5.73 W
2026/09/05 19:30:46.838, 780 MHz, 892 MHz, 5501 MHz, 55 %, 16 %, 0 %, 61, 6.17 W
2026/09/05 19:30:47.849, 990 MHz, 1110 MHz, 5501 MHz, 40 %, 10 %, 0 %, 61, 7.70 W
2026/09/05 19:30:48.854, 1080 MHz, 1222 MHz, 7001 MHz, 34 %, 13 %, 0 %, 61, 8.42 W
2026/09/05 19:30:49.870, 892 MHz, 1012 MHz, 5501 MHz, 29 %, 8 %, 0 %, 61, 8.24 W
2026/09/05 19:30:50.872, 825 MHz, 945 MHz, 5501 MHz, 49 %, 18 %, 0 %, 61, 7.22 W
2026/09/05 19:30:51.873, 802 MHz, 847 MHz, 5501 MHz, 43 %, 17 %, 0 %, 60, 6.07 W
2026/09/05 19:30:52.876, 802 MHz, 870 MHz, 5501 MHz, 40 %, 16 %, 0 %, 60, 6.06 W
2026/09/05 19:30:53.890, 802 MHz, 705 MHz, 810 MHz, 65 %, 16 %, 0 %, 60, 5.51 W
2026/09/05 19:30:54.892, 1012 MHz, 1140 MHz, 5501 MHz, 24 %, 10 %, 0 %, 60, 6.49 W
2026/09/05 19:30:55.897, 750 MHz, 615 MHz, 5501 MHz, 0 %, 0 %, 0 %, 60, 3.89 W
2026/09/05 19:30:56.908, 802 MHz, 562 MHz, 810 MHz, 0 %, 0 %, 0 %, 60, 3.14 W
2026/09/05 19:30:57.911, 802 MHz, 352 MHz, 810 MHz, 0 %, 0 %, 0 %, 59, 1.83 W
2026/09/05 19:30:58.915, 555 MHz, 225 MHz, 405 MHz, 0 %, 0 %, 0 %, 59, 1.84 W
2026/09/05 19:30:59.930, 555 MHz, 210 MHz, 405 MHz, 0 %, 0 %, 0 %, 59, 1.71 W
2026/09/05 19:31:00.946, 555 MHz, 210 MHz, 405 MHz, 0 %, 0 %, 0 %, 59, 1.75 W
2026/09/05 19:31:01.951, 555 MHz, 210 MHz, 405 MHz, 0 %, 0 %, 0 %, 59, 1.73 W
2026/09/05 19:31:02.960, 555 MHz, 210 MHz, 405 MHz, 0 %, 0 %, 0 %, 58, 1.72 W
2026/09/05 19:31:03.966, 555 MHz, 210 MHz, 405 MHz, 0 %, 0 %, 0 %, 58, 1.75 W
2026/09/05 19:31:04.975, 555 MHz, 210 MHz, 405 MHz, 0 %, 0 %, 0 %, 58, 1.74 W
2026/09/05 19:31:05.989, 555 MHz, 210 MHz, 405 MHz, 0 %, 0 %, 0 %, 58, 1.72 W
2026/09/05 19:31:06.995, 555 MHz, 210 MHz, 405 MHz, 0 %, 0 %, 0 %, 58, 1.74 W
2026/09/05 19:31:08.002, 555 MHz, 210 MHz, 405 MHz, 0 %, 0 %, 0 %, 58, 1.72 W
2026/09/05 19:31:09.011, 555 MHz, 210 MHz, 405 MHz, 0 %, 0 %, 0 %, 58, 1.71 W
2026/09/05 19:31:10.013, 555 MHz, 210 MHz, 405 MHz, 0 %, 0 %, 0 %, 57, 1.73 W
2026/09/05 19:31:11.023, 555 MHz, 210 MHz, 405 MHz, 0 %, 0 %, 0 %, 57, 1.71 W
2026/09/05 19:31:12.038, 555 MHz, 210 MHz, 405 MHz, 0 %, 0 %, 0 %, 57, 1.70 W
2026/09/05 19:31:13.042, 555 MHz, 210 MHz, 405 MHz, 0 %, 0 %, 0 %, 57, 1.73 W
2026/09/05 19:31:14.042, 555 MHz, 210 MHz, 405 MHz, 0 %, 0 %, 0 %, 57, 1.72 W
2026/09/05 19:31:15.058, 555 MHz, 210 MHz, 405 MHz, 0 %, 0 %, 0 %, 57, 1.72 W
2026/09/05 19:31:16.059, 555 MHz, 210 MHz, 405 MHz, 0 %, 0 %, 0 %, 57, 1.74 W
2026/09/05 19:31:17.073, 555 MHz, 210 MHz, 405 MHz, 0 %, 0 %, 0 %, 57, 1.72 W
2026/09/05 19:31:18.089, 555 MHz, 210 MHz, 405 MHz, 0 %, 0 %, 0 %, 56, 1.71 W
2026/09/05 19:31:19.289, 555 MHz, 210 MHz, 405 MHz, 32 %, 0 %, 0 %, 56, 1.79 W
2026/09/05 19:31:20.301, 1080 MHz, 1222 MHz, 7001 MHz, 22 %, 9 %, 0 %, 57, 4.06 W
2026/09/05 19:31:21.310, 1080 MHz, 1222 MHz, 5501 MHz, 24 %, 12 %, 0 %, 58, 8.30 W
2026/09/05 19:31:22.319, 1080 MHz, 1230 MHz, 5501 MHz, 25 %, 12 %, 0 %, 58, 8.59 W
2026/09/05 19:31:23.331, 1102 MHz, 1245 MHz, 5501 MHz, 25 %, 12 %, 0 %, 58, 8.68 W
2026/09/05 19:31:24.342, 1102 MHz, 1245 MHz, 5501 MHz, 31 %, 14 %, 0 %, 59, 8.80 W
2026/09/05 19:31:25.359, 1012 MHz, 1147 MHz, 5501 MHz, 33 %, 16 %, 0 %, 59, 8.75 W
2026/09/05 19:31:26.371, 1035 MHz, 1177 MHz, 5501 MHz, 32 %, 16 %, 0 %, 59, 8.51 W
2026/09/05 19:31:27.380, 1035 MHz, 1177 MHz, 5501 MHz, 31 %, 15 %, 0 %, 60, 8.45 W
2026/09/05 19:31:28.383, 967 MHz, 1087 MHz, 5501 MHz, 36 %, 16 %, 0 %, 60, 8.44 W
2026/09/05 19:31:29.399, 1012 MHz, 1147 MHz, 5501 MHz, 36 %, 16 %, 0 %, 60, 8.06 W
2026/09/05 19:31:30.409, 1012 MHz, 1155 MHz, 5501 MHz, 36 %, 15 %, 0 %, 60, 8.61 W
2026/09/05 19:31:31.420, 1012 MHz, 1155 MHz, 5501 MHz, 36 %, 15 %, 0 %, 60, 8.57 W
2026/09/05 19:31:32.436, 1455 MHz, 1657 MHz, 5501 MHz, 35 %, 10 %, 0 %, 62, 11.24 W
2026/09/05 19:31:33.437, 1395 MHz, 1582 MHz, 5501 MHz, 46 %, 10 %, 0 %, 64, 21.93 W
2026/09/05 19:31:34.449, 1530 MHz, 1740 MHz, 5501 MHz, 37 %, 9 %, 0 %, 64, 22.45 W
2026/09/05 19:31:35.462, 1530 MHz, 1740 MHz, 5501 MHz, 38 %, 9 %, 0 %, 64, 22.00 W
2026/09/05 19:31:36.476, 1530 MHz, 1740 MHz, 5501 MHz, 23 %, 8 %, 0 %, 64, 14.95 W
2026/09/05 19:31:37.480, 990 MHz, 1125 MHz, 5501 MHz, 31 %, 7 %, 0 %, 63, 8.16 W
2026/09/05 19:31:38.495, 1035 MHz, 1170 MHz, 7001 MHz, 23 %, 7 %, 0 %, 63, 8.45 W
2026/09/05 19:31:39.505, 1035 MHz, 1170 MHz, 7001 MHz, 22 %, 10 %, 0 %, 63, 7.54 W
2026/09/05 19:31:40.506, 802 MHz, 877 MHz, 5501 MHz, 23 %, 11 %, 0 %, 62, 6.31 W
2026/09/05 19:31:41.518, 802 MHz, 877 MHz, 5501 MHz, 34 %, 17 %, 0 %, 62, 5.64 W
2026/09/05 19:31:42.519, 750 MHz, 832 MHz, 5501 MHz, 31 %, 15 %, 0 %, 62, 5.71 W
2026/09/05 19:31:43.531, 750 MHz, 832 MHz, 5501 MHz, 33 %, 17 %, 0 %, 62, 5.66 W
2026/09/05 19:31:44.547, 802 MHz, 817 MHz, 810 MHz, 15 %, 4 %, 0 %, 61, 5.29 W
2026/09/05 19:31:45.564, 855 MHz, 967 MHz, 5501 MHz, 28 %, 12 %, 0 %, 62, 5.68 W
2026/09/05 19:31:46.577, 855 MHz, 967 MHz, 5501 MHz, 31 %, 9 %, 0 %, 62, 7.22 W
2026/09/05 19:31:47.592, 990 MHz, 1117 MHz, 5501 MHz, 19 %, 7 %, 0 %, 62, 7.41 W
2026/09/05 19:31:48.606, 990 MHz, 1117 MHz, 5501 MHz, 19 %, 8 %, 0 %, 61, 6.69 W
2026/09/05 19:31:49.610, 922 MHz, 1057 MHz, 5501 MHz, 40 %, 14 %, 0 %, 62, 7.47 W
2026/09/05 19:31:50.621, 922 MHz, 1057 MHz, 5501 MHz, 32 %, 17 %, 0 %, 61, 7.08 W
2026/09/05 19:31:51.636, 780 MHz, 870 MHz, 5501 MHz, 37 %, 19 %, 0 %, 61, 6.11 W
2026/09/05 19:31:52.638, 780 MHz, 870 MHz, 5501 MHz, 15 %, 6 %, 0 %, 61, 5.02 W
2026/09/05 19:31:53.652, 802 MHz, 817 MHz, 810 MHz, 48 %, 13 %, 0 %, 61, 5.26 W
2026/09/05 19:31:54.668, 967 MHz, 1102 MHz, 5501 MHz, 0 %, 0 %, 0 %, 61, 5.45 W
2026/09/05 19:31:55.672, 967 MHz, 1102 MHz, 5501 MHz, 0 %, 0 %, 0 %, 61, 3.65 W
2026/09/05 19:31:56.687, 555 MHz, 315 MHz, 405 MHz, 0 %, 0 %, 0 %, 60, 2.31 W
2026/09/05 19:31:57.702, 555 MHz, 210 MHz, 405 MHz, 0 %, 0 %, 0 %, 60, 2.03 W
2026/09/05 19:31:58.710, 555 MHz, 210 MHz, 405 MHz, 0 %, 0 %, 0 %, 60, 1.78 W
2026/09/05 19:31:59.724, 555 MHz, 210 MHz, 405 MHz, 0 %, 0 %, 0 %, 60, 1.73 W
2026/09/05 19:32:00.738, 555 MHz, 210 MHz, 405 MHz, 0 %, 0 %, 0 %, 59, 1.73 W
2026/09/05 19:32:01.753, 555 MHz, 210 MHz, 405 MHz, 0 %, 0 %, 0 %, 59, 1.74 W
2026/09/05 19:32:02.764, 555 MHz, 210 MHz, 405 MHz, 0 %, 0 %, 0 %, 59, 1.72 W
2026/09/05 19:32:03.769, 555 MHz, 210 MHz, 405 MHz, 0 %, 0 %, 0 %, 59, 1.71 W
2026/09/05 19:32:04.778, 555 MHz, 210 MHz, 405 MHz, 0 %, 0 %, 0 %, 59, 1.73 W
2026/09/05 19:32:05.782, 555 MHz, 210 MHz, 405 MHz, 0 %, 0 %, 0 %, 59, 1.72 W
2026/09/05 19:32:06.797, 555 MHz, 210 MHz, 405 MHz, 0 %, 0 %, 0 %, 58, 1.74 W
2026/09/05 19:32:07.805, 555 MHz, 210 MHz, 405 MHz, 0 %, 0 %, 0 %, 58, 1.75 W
2026/09/05 19:32:08.820, 555 MHz, 210 MHz, 405 MHz, 0 %, 0 %, 0 %, 58, 1.72 W
2026/09/05 19:32:09.821, 555 MHz, 210 MHz, 405 MHz, 0 %, 0 %, 0 %, 58, 1.73 W
2026/09/05 19:32:10.831, 555 MHz, 210 MHz, 405 MHz, 0 %, 0 %, 0 %, 58, 1.73 W
2026/09/05 19:32:11.844, 555 MHz, 210 MHz, 405 MHz, 0 %, 0 %, 0 %, 58, 1.71 W
2026/09/05 19:32:12.849, 555 MHz, 210 MHz, 405 MHz, 0 %, 0 %, 0 %, 58, 1.73 W
2026/09/05 19:32:13.860, 555 MHz, 210 MHz, 405 MHz, 0 %, 0 %, 0 %, 58, 1.74 W
2026/09/05 19:32:14.872, 555 MHz, 210 MHz, 405 MHz, 0 %, 0 %, 0 %, 58, 1.72 W
2026/09/05 19:32:15.878, 555 MHz, 210 MHz, 405 MHz, 0 %, 0 %, 0 %, 57, 1.74 W
2026/09/05 19:32:16.880, 555 MHz, 210 MHz, 405 MHz, 0 %, 0 %, 0 %, 57, 1.74 W
2026/09/05 19:32:17.889, 555 MHz, 210 MHz, 405 MHz, 0 %, 0 %, 0 %, 57, 1.71 W
2026/09/05 19:32:18.893, 555 MHz, 210 MHz, 405 MHz, 0 %, 0 %, 0 %, 57, 1.73 W
2026/09/05 19:32:19.896, 555 MHz, 210 MHz, 405 MHz, 0 %, 0 %, 0 %, 57, 1.74 W
2026/09/05 19:32:20.907, 555 MHz, 210 MHz, 405 MHz, 0 %, 0 %, 0 %, 57, 1.72 W
2026/09/05 19:32:21.911, 555 MHz, 210 MHz, 405 MHz, 0 %, 0 %, 0 %, 57, 1.74 W
2026/09/05 19:32:22.914, 555 MHz, 210 MHz, 405 MHz, 0 %, 0 %, 0 %, 57, 1.74 W
2026/09/05 19:32:23.926, 555 MHz, 210 MHz, 405 MHz, 0 %, 0 %, 0 %, 57, 1.72 W
2026/09/05 19:32:24.941, 555 MHz, 210 MHz, 405 MHz, 0 %, 0 %, 0 %, 57, 1.74 W
2026/09/05 19:32:25.950, 555 MHz, 210 MHz, 405 MHz, 0 %, 0 %, 0 %, 56, 1.74 W
2026/09/05 19:32:26.955, 555 MHz, 210 MHz, 405 MHz, 0 %, 0 %, 0 %, 56, 1.72 W
2026/09/05 19:32:27.970, 555 MHz, 210 MHz, 405 MHz, 0 %, 0 %, 0 %, 56, 1.73 W
2026/09/05 19:32:28.979, 555 MHz, 210 MHz, 405 MHz, 0 %, 0 %, 0 %, 56, 1.73 W
2026/09/05 19:32:29.992, 555 MHz, 210 MHz, 405 MHz, 0 %, 0 %, 0 %, 56, 1.70 W
2026/09/05 19:32:30.998, 555 MHz, 210 MHz, 405 MHz, 0 %, 0 %, 0 %, 56, 1.71 W
2026/09/05 19:32:32.002, 555 MHz, 210 MHz, 405 MHz, 0 %, 0 %, 0 %, 56, 1.72 W
2026/09/05 19:32:33.013, 555 MHz, 210 MHz, 405 MHz, 0 %, 0 %, 0 %, 56, 1.69 W
2026/09/05 19:32:34.022, 555 MHz, 210 MHz, 405 MHz, 0 %, 0 %, 0 %, 56, 1.70 W
2026/09/05 19:32:35.024, 555 MHz, 210 MHz, 405 MHz, 0 %, 0 %, 0 %, 56, 1.71 W
2026/09/05 19:32:36.040, 555 MHz, 210 MHz, 405 MHz, 0 %, 0 %, 0 %, 56, 1.70 W
2026/09/05 19:32:37.055, 555 MHz, 210 MHz, 405 MHz, 0 %, 0 %, 0 %, 55, 1.71 W
2026/09/05 19:32:38.060, 555 MHz, 210 MHz, 405 MHz, 0 %, 0 %, 0 %, 55, 1.71 W
2026/09/05 19:32:39.062, 555 MHz, 210 MHz, 405 MHz, 0 %, 0 %, 0 %, 55, 1.68 W
2026/09/05 19:32:40.076, 555 MHz, 210 MHz, 405 MHz, 0 %, 0 %, 0 %, 55, 1.69 W
2026/09/05 19:32:41.081, 555 MHz, 210 MHz, 405 MHz, 0 %, 0 %, 0 %, 55, 1.70 W
2026/09/05 19:32:42.093, 555 MHz, 210 MHz, 405 MHz, 0 %, 0 %, 0 %, 55, 1.68 W
2026/09/05 19:32:43.096, 555 MHz, 210 MHz, 405 MHz, 0 %, 0 %, 0 %, 55, 1.70 W
2026/09/05 19:32:44.102, 555 MHz, 210 MHz, 405 MHz, 0 %, 0 %, 0 %, 55, 1.70 W
2026/09/05 19:32:45.105, 555 MHz, 210 MHz, 405 MHz, 0 %, 0 %, 0 %, 55, 1.68 W
2026/09/05 19:32:46.113, 555 MHz, 210 MHz, 405 MHz, 0 %, 0 %, 0 %, 55, 1.68 W
2026/09/05 19:32:47.125, 555 MHz, 210 MHz, 405 MHz, 0 %, 0 %, 0 %, 55, 1.69 W
2026/09/05 19:32:48.136, 555 MHz, 210 MHz, 405 MHz, 0 %, 0 %, 0 %, 55, 1.67 W
2026/09/05 19:32:49.143, 555 MHz, 210 MHz, 405 MHz, 0 %, 0 %, 0 %, 55, 1.69 W
2026/09/05 19:32:50.148, 555 MHz, 210 MHz, 405 MHz, 0 %, 0 %, 0 %, 55, 1.67 W
2026/09/05 19:32:51.162, 555 MHz, 210 MHz, 405 MHz, 0 %, 0 %, 0 %, 55, 1.73 W
2026/09/05 19:32:52.168, 555 MHz, 210 MHz, 405 MHz, 0 %, 0 %, 0 %, 55, 1.70 W
2026/09/05 19:32:53.174, 555 MHz, 210 MHz, 405 MHz, 0 %, 0 %, 0 %, 55, 1.69 W
2026/09/05 19:32:54.187, 555 MHz, 210 MHz, 405 MHz, 0 %, 0 %, 0 %, 55, 1.68 W
2026/09/05 19:32:55.193, 555 MHz, 210 MHz, 405 MHz, 0 %, 0 %, 0 %, 55, 1.69 W
2026/09/05 19:32:56.199, 555 MHz, 210 MHz, 405 MHz, 0 %, 0 %, 0 %, 55, 1.69 W
2026/09/05 19:32:57.200, 555 MHz, 210 MHz, 405 MHz, 0 %, 0 %, 0 %, 55, 1.68 W
2026/09/05 19:32:58.206, 555 MHz, 210 MHz, 405 MHz, 0 %, 0 %, 0 %, 55, 1.70 W
2026/09/05 19:32:59.211, 555 MHz, 210 MHz, 405 MHz, 0 %, 0 %, 0 %, 55, 1.70 W
2026/09/05 19:33:00.222, 555 MHz, 210 MHz, 405 MHz, 0 %, 0 %, 0 %, 55, 1.68 W
2026/09/05 19:33:01.228, 555 MHz, 210 MHz, 405 MHz, 0 %, 0 %, 0 %, 55, 1.69 W
2026/09/05 19:33:02.233, 555 MHz, 210 MHz, 405 MHz, 0 %, 0 %, 0 %, 55, 1.69 W
2026/09/05 19:33:03.249, 555 MHz, 210 MHz, 405 MHz, 0 %, 0 %, 0 %, 55, 1.68 W
2026/09/05 19:33:04.257, 555 MHz, 210 MHz, 405 MHz, 0 %, 0 %, 0 %, 55, 1.70 W
2026/09/05 19:33:05.261, 555 MHz, 210 MHz, 405 MHz, 0 %, 0 %, 0 %, 55, 1.71 W
2026/09/05 19:33:06.265, 555 MHz, 210 MHz, 405 MHz, 0 %, 0 %, 0 %, 55, 1.68 W
2026/09/05 19:33:07.280, 555 MHz, 210 MHz, 405 MHz, 0 %, 0 %, 0 %, 55, 1.70 W
2026/09/05 19:33:08.284, 555 MHz, 210 MHz, 405 MHz, 0 %, 0 %, 0 %, 55, 1.68 W
2026/09/05 19:33:09.298, 555 MHz, 210 MHz, 405 MHz, 0 %, 0 %, 0 %, 55, 1.68 W
2026/09/05 19:33:10.305, 555 MHz, 210 MHz, 405 MHz, 0 %, 0 %, 0 %, 55, 1.69 W
2026/09/05 19:33:11.312, 555 MHz, 210 MHz, 405 MHz, 0 %, 0 %, 0 %, 55, 1.69 W
2026/09/05 19:33:12.325, 555 MHz, 210 MHz, 405 MHz, 0 %, 0 %, 0 %, 55, 1.68 W
2026/09/05 19:33:13.331, 555 MHz, 210 MHz, 405 MHz, 0 %, 0 %, 0 %, 55, 1.69 W
2026/09/05 19:33:14.336, 555 MHz, 210 MHz, 405 MHz, 0 %, 0 %, 0 %, 54, 1.69 W
2026/09/05 19:33:15.351, 555 MHz, 210 MHz, 405 MHz, 0 %, 0 %, 0 %, 54, 1.66 W
2026/09/05 19:33:16.354, 555 MHz, 210 MHz, 405 MHz, 0 %, 0 %, 0 %, 54, 1.68 W
2026/09/05 19:33:17.355, 555 MHz, 210 MHz, 405 MHz, 0 %, 0 %, 0 %, 54, 1.88 W
2026/09/05 19:33:18.366, 555 MHz, 210 MHz, 405 MHz, 0 %, 0 %, 0 %, 54, 1.84 W
2026/09/05 19:33:19.386, 555 MHz, 210 MHz, 405 MHz, 4 %, 0 %, 0 %, 55, 1.82 W
2026/09/05 19:33:20.395, 1102 MHz, 1245 MHz, 5501 MHz, 37 %, 14 %, 0 %, 56, 8.19 W
2026/09/05 19:33:21.411, 1102 MHz, 1245 MHz, 5501 MHz, 27 %, 12 %, 0 %, 56, 8.63 W
2026/09/05 19:33:22.427, 892 MHz, 1020 MHz, 5501 MHz, 26 %, 9 %, 0 %, 56, 7.70 W
2026/09/05 19:33:23.442, 1057 MHz, 1185 MHz, 5501 MHz, 29 %, 12 %, 0 %, 57, 7.61 W
2026/09/05 19:33:24.443, 1057 MHz, 1185 MHz, 5501 MHz, 32 %, 12 %, 0 %, 57, 8.15 W
2026/09/05 19:33:25.457, 1035 MHz, 1177 MHz, 5501 MHz, 24 %, 10 %, 0 %, 58, 8.28 W
2026/09/05 19:33:26.468, 967 MHz, 1087 MHz, 5501 MHz, 29 %, 13 %, 0 %, 58, 8.13 W
2026/09/05 19:33:27.470, 1035 MHz, 1170 MHz, 5501 MHz, 30 %, 13 %, 0 %, 58, 8.34 W
2026/09/05 19:33:28.484, 1057 MHz, 1192 MHz, 5501 MHz, 29 %, 12 %, 0 %, 59, 8.33 W
2026/09/05 19:33:29.498, 945 MHz, 1072 MHz, 5501 MHz, 29 %, 12 %, 0 %, 59, 8.46 W
2026/09/05 19:33:30.507, 967 MHz, 1102 MHz, 5501 MHz, 30 %, 13 %, 0 %, 59, 8.13 W
2026/09/05 19:33:31.508, 1147 MHz, 1297 MHz, 5501 MHz, 44 %, 12 %, 0 %, 60, 8.80 W
2026/09/05 19:33:32.523, 1470 MHz, 1665 MHz, 5501 MHz, 26 %, 7 %, 0 %, 61, 17.25 W
2026/09/05 19:33:33.524, 1530 MHz, 1740 MHz, 5501 MHz, 36 %, 8 %, 0 %, 63, 22.06 W
2026/09/05 19:33:34.539, 1530 MHz, 1740 MHz, 5501 MHz, 37 %, 8 %, 0 %, 63, 22.59 W
2026/09/05 19:33:35.554, 1530 MHz, 1740 MHz, 5501 MHz, 36 %, 8 %, 0 %, 63, 22.96 W
2026/09/05 19:33:36.569, 1530 MHz, 1740 MHz, 5501 MHz, 22 %, 8 %, 0 %, 63, 17.59 W
2026/09/05 19:33:37.579, 1380 MHz, 1560 MHz, 5501 MHz, 32 %, 9 %, 0 %, 63, 18.46 W
2026/09/05 19:33:38.588, 1312 MHz, 1485 MHz, 5501 MHz, 35 %, 12 %, 0 %, 63, 15.59 W
2026/09/05 19:33:39.600, 1177 MHz, 1327 MHz, 5501 MHz, 35 %, 13 %, 0 %, 63, 11.27 W
2026/09/05 19:33:40.618, 1080 MHz, 1207 MHz, 5501 MHz, 33 %, 14 %, 0 %, 62, 9.71 W
2026/09/05 19:33:41.630, 990 MHz, 1117 MHz, 5501 MHz, 31 %, 13 %, 0 %, 62, 8.56 W
2026/09/05 19:33:42.641, 945 MHz, 1080 MHz, 5501 MHz, 42 %, 17 %, 0 %, 63, 8.43 W
2026/09/05 19:33:43.656, 922 MHz, 1035 MHz, 5501 MHz, 42 %, 17 %, 0 %, 63, 8.11 W
2026/09/05 19:33:44.667, 967 MHz, 1087 MHz, 5501 MHz, 37 %, 14 %, 0 %, 63, 8.17 W
2026/09/05 19:33:45.668, 967 MHz, 1102 MHz, 5501 MHz, 30 %, 13 %, 0 %, 63, 8.46 W
2026/09/05 19:33:46.684, 1470 MHz, 1672 MHz, 5501 MHz, 27 %, 7 %, 0 %, 65, 13.36 W
2026/09/05 19:33:47.700, 1522 MHz, 1725 MHz, 5501 MHz, 23 %, 8 %, 0 %, 65, 19.19 W
2026/09/05 19:33:48.714, 1162 MHz, 1320 MHz, 5501 MHz, 22 %, 9 %, 0 %, 65, 16.34 W
2026/09/05 19:33:49.730, 1012 MHz, 1155 MHz, 5501 MHz, 37 %, 11 %, 0 %, 64, 19.01 W
2026/09/05 19:33:50.743, 877 MHz, 990 MHz, 5501 MHz, 19 %, 8 %, 0 %, 64, 9.29 W
2026/09/05 19:33:51.761, 802 MHz, 862 MHz, 5501 MHz, 29 %, 12 %, 0 %, 64, 6.13 W
2026/09/05 19:33:52.777, 1012 MHz, 1147 MHz, 5501 MHz, 56 %, 15 %, 0 %, 63, 5.49 W
2026/09/05 19:33:53.778, 1012 MHz, 1147 MHz, 5501 MHz, 28 %, 13 %, 0 %, 63, 6.85 W
2026/09/05 19:33:54.794, 802 MHz, 855 MHz, 5501 MHz, 0 %, 0 %, 0 %, 63, 5.96 W
2026/09/05 19:33:55.802, 802 MHz, 645 MHz, 810 MHz, 0 %, 0 %, 0 %, 62, 2.86 W
2026/09/05 19:33:56.804, 555 MHz, 405 MHz, 405 MHz, 0 %, 0 %, 0 %, 62, 1.88 W
2026/09/05 19:33:57.819, 555 MHz, 255 MHz, 405 MHz, 0 %, 0 %, 0 %, 62, 1.85 W
2026/09/05 19:33:58.821, 555 MHz, 210 MHz, 405 MHz, 0 %, 0 %, 0 %, 62, 1.80 W
2026/09/05 19:33:59.824, 555 MHz, 210 MHz, 405 MHz, 0 %, 0 %, 0 %, 61, 1.76 W
2026/09/05 19:34:00.827, 555 MHz, 210 MHz, 405 MHz, 0 %, 0 %, 0 %, 61, 1.75 W
2026/09/05 19:34:01.834, 555 MHz, 210 MHz, 405 MHz, 0 %, 0 %, 0 %, 61, 1.76 W
2026/09/05 19:34:02.848, 555 MHz, 210 MHz, 405 MHz, 0 %, 0 %, 0 %, 61, 1.76 W
2026/09/05 19:34:03.850, 555 MHz, 210 MHz, 405 MHz, 0 %, 0 %, 0 %, 61, 1.76 W
2026/09/05 19:34:04.854, 555 MHz, 210 MHz, 405 MHz, 0 %, 0 %, 0 %, 60, 1.76 W
2026/09/05 19:34:05.867, 555 MHz, 210 MHz, 405 MHz, 0 %, 0 %, 0 %, 60, 1.73 W
2026/09/05 19:34:06.881, 555 MHz, 210 MHz, 405 MHz, 0 %, 0 %, 0 %, 60, 1.78 W
2026/09/05 19:34:07.882, 555 MHz, 210 MHz, 405 MHz, 0 %, 0 %, 0 %, 60, 1.77 W
2026/09/05 19:34:08.884, 555 MHz, 210 MHz, 405 MHz, 0 %, 0 %, 0 %, 60, 1.75 W
2026/09/05 19:34:09.888, 555 MHz, 210 MHz, 405 MHz, 0 %, 0 %, 0 %, 60, 1.75 W
2026/09/05 19:34:10.895, 555 MHz, 210 MHz, 405 MHz, 0 %, 0 %, 0 %, 59, 1.73 W
2026/09/05 19:34:11.910, 555 MHz, 210 MHz, 405 MHz, 0 %, 0 %, 0 %, 59, 1.70 W
